station,n_samples,MAE_mean,RMSE_mean
csengele,5,5.446750571330388,5.494160322348676
csongrad,5,1.524794727563858,1.5256312395658131
