target,MAE,RMSE,R2
_SM10,3.989960193634033,5.555770231973547,-0.7251726411466581
_SM20,5.1904425621032715,5.418896123374469,-17.987806510721775
_SM30,3.265432357788086,3.6456380882662605,-4.078119233668583
_SM45,4.529646873474121,5.791475727400938,-1.1776062013206179
_SM60,2.903834342956543,3.652001545424202,-1.5637864415698544
_SM75,1.0353180170059204,1.2799737202658608,-0.10585397935943486
