station,n_samples,MAE_mean,RMSE_mean
csengele,5,5.117218994845946,5.146828024059562
csongrad,5,1.950201289107402,1.9544694295149485
