station,n_samples,MAE_mean,RMSE_mean
csengele,5,5.128204574187596,5.185313611550944
csongrad,5,1.9026278505722682,1.902945623912326
