target,MAE,RMSE,R2
_SM10,2.9507944583892822,4.168780032482946,-0.22339725955590284
_SM20,5.846627235412598,5.965194841705652,-44.45536872492235
_SM30,3.324535369873047,3.651734392056656,-5.848980215594766
_SM45,5.1761064529418945,6.100234430529853,-1.5579287881969406
_SM60,3.1818816661834717,3.5448162809255908,-1.1874672239723063
_SM75,0.7223162651062012,0.9813440678694407,0.36140051456435685
