target,MAE,RMSE,R2
_SM10,3.7261710166931152,5.043317078040821,-0.42159721491983837
_SM20,4.858486175537109,5.039345997960272,-15.421071560120481
_SM30,3.643310070037842,3.9323014349742427,-4.908121151770863
_SM45,3.4893479347229004,4.741467894201969,-0.4595752719883548
_SM60,3.4937968254089355,3.9650542104702393,-2.0221652271065356
_SM75,1.8813846111297607,2.188329702792191,-2.2323709897082984
