{
  "loss": [
    46.933837890625,
    46.912872314453125,
    45.29313659667969,
    43.26109313964844,
    43.07727813720703,
    40.86363983154297,
    39.24966812133789,
    39.147281646728516,
    38.03218460083008,
    36.6290283203125,
    35.15624237060547,
    34.88629913330078,
    33.082298278808594,
    32.06114196777344,
    32.12127685546875,
    31.362247467041016,
    29.942363739013672,
    28.97295570373535,
    28.383712768554688,
    27.58572006225586,
    26.316097259521484,
    26.554759979248047,
    23.68792152404785,
    23.36794662475586,
    22.333782196044922,
    22.854167938232422,
    22.26504898071289,
    20.66627311706543,
    20.314769744873047,
    20.782398223876953
  ],
  "mae": [
    6.151379585266113,
    6.110165596008301,
    5.994012355804443,
    5.830882549285889,
    5.78936243057251,
    5.669198513031006,
    5.534522533416748,
    5.520688533782959,
    5.394967079162598,
    5.280970096588135,
    5.188685417175293,
    5.1831488609313965,
    5.024649620056152,
    4.925175666809082,
    4.897402763366699,
    4.827489376068115,
    4.7132978439331055,
    4.661267280578613,
    4.565249919891357,
    4.530129432678223,
    4.42234992980957,
    4.430643558502197,
    4.182631015777588,
    4.124127388000488,
    3.9725213050842285,
    4.050213813781738,
    3.9926974773406982,
    3.8222732543945312,
    3.8326187133789062,
    3.755692958831787
  ],
  "val_loss": [
    53.46204376220703,
    52.71222686767578,
    51.994102478027344,
    51.267578125,
    50.39459991455078,
    49.425025939941406,
    48.37333297729492,
    47.18604278564453,
    45.8284797668457,
    44.250370025634766,
    42.44386672973633,
    40.47089385986328,
    38.552303314208984,
    36.898536682128906,
    35.50128173828125,
    34.244598388671875,
    32.93049621582031,
    31.55847930908203,
    30.257556915283203,
    29.125961303710938,
    28.097558975219727,
    26.840526580810547,
    25.80643081665039,
    24.886066436767578,
    24.02758026123047,
    23.262680053710938,
    22.617015838623047,
    22.07647705078125,
    21.6164608001709,
    21.40932846069336
  ],
  "val_mae": [
    7.185925483703613,
    7.125287055969238,
    7.06736421585083,
    7.00958251953125,
    6.941784381866455,
    6.8673505783081055,
    6.787258148193359,
    6.698276519775391,
    6.598114013671875,
    6.482906341552734,
    6.351100921630859,
    6.205002784729004,
    6.058496475219727,
    5.926344871520996,
    5.807467937469482,
    5.692971229553223,
    5.567283630371094,
    5.433588027954102,
    5.307442665100098,
    5.200315475463867,
    5.106058120727539,
    4.986642360687256,
    4.888176918029785,
    4.802153587341309,
    4.722293853759766,
    4.652904510498047,
    4.594722270965576,
    4.545089244842529,
    4.501517295837402,
    4.46274995803833
  ]
}