{
  "loss": [
    47.40056610107422,
    45.96249771118164,
    42.54108428955078,
    40.5046272277832,
    39.766746520996094,
    37.126922607421875,
    35.93639373779297,
    34.61761474609375,
    34.18292999267578,
    32.50566101074219,
    32.57863235473633,
    31.012866973876953,
    29.994068145751953,
    30.292837142944336,
    28.576763153076172,
    28.959064483642578,
    27.566211700439453,
    26.926218032836914,
    26.607406616210938,
    25.82322120666504,
    24.804319381713867,
    25.56970977783203,
    24.734500885009766,
    22.725221633911133,
    21.659687042236328,
    22.41509437561035,
    22.832172393798828,
    21.393136978149414,
    20.845874786376953,
    19.8338565826416
  ],
  "mae": [
    6.031273365020752,
    5.869892597198486,
    5.6295247077941895,
    5.501474857330322,
    5.448671340942383,
    5.30252742767334,
    5.209658622741699,
    5.131108283996582,
    5.10263729095459,
    4.929698467254639,
    4.945254325866699,
    4.847552299499512,
    4.691962242126465,
    4.730822563171387,
    4.60284948348999,
    4.563163757324219,
    4.501952171325684,
    4.443770408630371,
    4.383551597595215,
    4.314375877380371,
    4.238984107971191,
    4.284398555755615,
    4.2328386306762695,
    4.036572456359863,
    3.816650867462158,
    3.941852569580078,
    4.009224891662598,
    3.838008403778076,
    3.755723237991333,
    3.661972761154175
  ],
  "val_loss": [
    51.63072204589844,
    50.056541442871094,
    48.51561737060547,
    46.871944427490234,
    45.19786071777344,
    43.59169387817383,
    42.29831314086914,
    41.324493408203125,
    40.446311950683594,
    39.59898376464844,
    38.576744079589844,
    36.532554626464844,
    35.544925689697266,
    35.08253479003906,
    34.68632507324219,
    34.20530700683594,
    33.64839553833008,
    33.034000396728516,
    32.374122619628906,
    31.7398681640625,
    31.178314208984375,
    30.6828670501709,
    30.175621032714844,
    29.571115493774414,
    28.831775665283203,
    27.970539093017578,
    27.050785064697266,
    26.20322036743164,
    25.39031219482422,
    24.491714477539062
  ],
  "val_mae": [
    6.983381748199463,
    6.8693084716796875,
    6.759369850158691,
    6.644768714904785,
    6.532235145568848,
    6.4319000244140625,
    6.350398540496826,
    6.283294677734375,
    6.219300270080566,
    6.1548943519592285,
    6.074566841125488,
    5.911892890930176,
    5.8325581550598145,
    5.795337677001953,
    5.765185832977295,
    5.730437278747559,
    5.687740802764893,
    5.635323524475098,
    5.576035499572754,
    5.5181074142456055,
    5.467056751251221,
    5.423182487487793,
    5.3793535232543945,
    5.327528953552246,
    5.264765739440918,
    5.192183971405029,
    5.112368583679199,
    5.035566806793213,
    4.957552909851074,
    4.868163108825684
  ]
}