{
  "loss": [
    53.00566482543945,
    15.418699264526367,
    9.629483222961426,
    7.179415225982666,
    5.917591094970703,
    5.1214165687561035,
    4.535915851593018,
    4.123108386993408,
    3.8292016983032227,
    3.5732436180114746,
    3.422093391418457,
    3.2763400077819824,
    3.202873945236206,
    3.1059253215789795,
    3.048332929611206,
    2.953305721282959,
    2.891719341278076,
    2.8349108695983887,
    2.805760145187378,
    2.7609543800354004,
    2.7038724422454834,
    2.658703327178955,
    2.59775972366333,
    2.6019747257232666,
    2.5568716526031494,
    2.49588942527771,
    2.487405300140381,
    2.4410712718963623,
    2.392230272293091,
    2.3612465858459473
  ],
  "mae": [
    5.777283191680908,
    2.826218843460083,
    2.22094464302063,
    1.9127144813537598,
    1.7444772720336914,
    1.6365710496902466,
    1.5533043146133423,
    1.484317421913147,
    1.4378480911254883,
    1.3912030458450317,
    1.362314224243164,
    1.336534023284912,
    1.3172677755355835,
    1.2973843812942505,
    1.2839328050613403,
    1.2681562900543213,
    1.2512551546096802,
    1.2415592670440674,
    1.2303190231323242,
    1.2210726737976074,
    1.2060500383377075,
    1.1981782913208008,
    1.1816473007202148,
    1.185215950012207,
    1.174766182899475,
    1.1562714576721191,
    1.1581627130508423,
    1.1467779874801636,
    1.1318631172180176,
    1.1209793090820312
  ],
  "val_loss": [
    21.294876098632812,
    11.880476951599121,
    8.722224235534668,
    7.031862735748291,
    5.933494567871094,
    5.08063268661499,
    4.454473972320557,
    3.9976284503936768,
    3.6413142681121826,
    3.330000877380371,
    3.1234469413757324,
    2.8906476497650146,
    2.70885968208313,
    2.5785396099090576,
    2.4265880584716797,
    2.3345577716827393,
    2.1912693977355957,
    2.111487627029419,
    2.048691511154175,
    1.9841258525848389,
    1.8911536931991577,
    1.845099687576294,
    1.7313226461410522,
    1.7007436752319336,
    1.698799729347229,
    1.6719852685928345,
    1.5920954942703247,
    1.5971291065216064,
    1.5366291999816895,
    1.5489166975021362
  ],
  "val_mae": [
    3.341106653213501,
    2.3944272994995117,
    2.0310263633728027,
    1.838984727859497,
    1.709157109260559,
    1.5840785503387451,
    1.5129292011260986,
    1.444104552268982,
    1.3930903673171997,
    1.3194074630737305,
    1.278315544128418,
    1.2315727472305298,
    1.2054402828216553,
    1.1626251935958862,
    1.1286444664001465,
    1.1043617725372314,
    1.065825343132019,
    1.0473010540008545,
    1.0235481262207031,
    0.9960876703262329,
    0.981213390827179,
    0.9660200476646423,
    0.934714138507843,
    0.9246238470077515,
    0.9019217491149902,
    0.9220193028450012,
    0.881598711013794,
    0.8907305598258972,
    0.8724778890609741,
    0.8743636608123779
  ]
}