{
  "loss": [
    85.44657897949219,
    35.173072814941406,
    23.38313865661621,
    17.279434204101562,
    13.465657234191895,
    11.280710220336914,
    9.81417179107666,
    8.973711013793945,
    8.020584106445312,
    7.3891167640686035,
    6.888257026672363,
    6.57875919342041,
    6.143106460571289,
    5.7461066246032715,
    5.447048664093018,
    5.265020847320557,
    5.111293792724609,
    4.855920314788818,
    4.741216659545898,
    4.524081230163574,
    4.522789478302002,
    4.4328227043151855,
    4.259876728057861,
    4.240766525268555,
    4.087011337280273,
    3.9467358589172363,
    4.059910297393799,
    3.9306392669677734,
    3.819549560546875,
    3.8372461795806885
  ],
  "mae": [
    7.9535980224609375,
    4.587618827819824,
    3.6305172443389893,
    3.0294735431671143,
    2.6509647369384766,
    2.4156699180603027,
    2.2573351860046387,
    2.1657040119171143,
    2.0493416786193848,
    1.9751843214035034,
    1.909908652305603,
    1.8727340698242188,
    1.8193647861480713,
    1.7706612348556519,
    1.723873257637024,
    1.7041343450546265,
    1.675642728805542,
    1.6403597593307495,
    1.623784065246582,
    1.5868812799453735,
    1.5916991233825684,
    1.574862003326416,
    1.5471739768981934,
    1.5436210632324219,
    1.5193102359771729,
    1.4942201375961304,
    1.5126127004623413,
    1.5015791654586792,
    1.4663358926773071,
    1.47502863407135
  ],
  "val_loss": [
    38.749122619628906,
    25.421537399291992,
    19.327653884887695,
    16.007219314575195,
    13.77806568145752,
    12.663758277893066,
    11.437559127807617,
    10.558424949645996,
    9.893834114074707,
    9.493021965026855,
    8.860429763793945,
    8.327080726623535,
    7.971131801605225,
    8.000438690185547,
    7.435283184051514,
    6.9715800285339355,
    6.855975151062012,
    6.721782684326172,
    6.537583827972412,
    6.2880072593688965,
    6.191296577453613,
    6.110592365264893,
    5.81077766418457,
    5.824870586395264,
    5.755447864532471,
    5.7281670570373535,
    5.58650016784668,
    5.557250022888184,
    5.4574174880981445,
    5.285891056060791
  ],
  "val_mae": [
    4.638222694396973,
    3.682583808898926,
    3.1803526878356934,
    2.9154088497161865,
    2.695122480392456,
    2.614039659500122,
    2.4668922424316406,
    2.3617446422576904,
    2.297360420227051,
    2.258699417114258,
    2.1819958686828613,
    2.1225266456604004,
    2.070791244506836,
    2.106048107147217,
    2.020886182785034,
    1.9490699768066406,
    1.9374444484710693,
    1.9247976541519165,
    1.9081580638885498,
    1.8622801303863525,
    1.869825005531311,
    1.8616715669631958,
    1.811576247215271,
    1.824912667274475,
    1.7970385551452637,
    1.8203320503234863,
    1.7877471446990967,
    1.8073086738586426,
    1.7725721597671509,
    1.7303698062896729
  ]
}