{
  "loss": [
    59.214508056640625,
    17.51569366455078,
    10.314359664916992,
    7.827449798583984,
    6.367379188537598,
    5.403809070587158,
    4.757530689239502,
    4.363734722137451,
    4.04334831237793,
    3.758362293243408,
    3.4968440532684326,
    3.3824243545532227,
    3.2920947074890137,
    3.1445086002349854,
    3.092223644256592,
    2.9538519382476807,
    2.9033539295196533,
    2.893723726272583,
    2.844555377960205,
    2.708177089691162,
    2.6874959468841553,
    2.669295072555542,
    2.603079080581665,
    2.5870351791381836,
    2.506446599960327,
    2.5288619995117188,
    2.478336811065674,
    2.4732120037078857,
    2.416041851043701,
    2.390909194946289
  ],
  "mae": [
    6.144476413726807,
    3.0005555152893066,
    2.2569046020507812,
    1.966530442237854,
    1.7831614017486572,
    1.6566355228424072,
    1.5680999755859375,
    1.5144193172454834,
    1.4623688459396362,
    1.4170206785202026,
    1.3671951293945312,
    1.3479775190353394,
    1.3332456350326538,
    1.3035190105438232,
    1.2905300855636597,
    1.2654653787612915,
    1.2520296573638916,
    1.2478151321411133,
    1.2356425523757935,
    1.2109159231185913,
    1.2050765752792358,
    1.2005152702331543,
    1.1867214441299438,
    1.1815612316131592,
    1.1633360385894775,
    1.1672385931015015,
    1.1530604362487793,
    1.1515259742736816,
    1.136141300201416,
    1.132217288017273
  ],
  "val_loss": [
    24.942535400390625,
    13.188053131103516,
    9.664767265319824,
    7.7537522315979,
    6.455655097961426,
    5.510590553283691,
    4.944669723510742,
    4.381609916687012,
    3.8877692222595215,
    3.527813673019409,
    3.2571589946746826,
    3.0028250217437744,
    2.8444230556488037,
    2.6991353034973145,
    2.5554332733154297,
    2.4035165309906006,
    2.4063796997070312,
    2.3143389225006104,
    2.096173048019409,
    2.0158770084381104,
    1.9680736064910889,
    1.8694852590560913,
    1.8504743576049805,
    1.7309463024139404,
    1.6664819717407227,
    1.6555641889572144,
    1.683648705482483,
    1.5802608728408813,
    1.5348936319351196,
    1.494887113571167
  ],
  "val_mae": [
    3.620823383331299,
    2.5114731788635254,
    2.1324989795684814,
    1.922129511833191,
    1.7496740818023682,
    1.6396158933639526,
    1.5648545026779175,
    1.4902726411819458,
    1.403470516204834,
    1.3455411195755005,
    1.2931926250457764,
    1.2357059717178345,
    1.2038401365280151,
    1.1776562929153442,
    1.1444157361984253,
    1.1045550107955933,
    1.1049281358718872,
    1.074736475944519,
    1.023823618888855,
    1.0161502361297607,
    1.0051854848861694,
    0.9712696671485901,
    0.9588829278945923,
    0.9264490604400635,
    0.9086118340492249,
    0.8967657685279846,
    0.9118271470069885,
    0.8980787396430969,
    0.8592650890350342,
    0.847649097442627
  ]
}