{
  "loss": [
    45.69317626953125,
    44.96814727783203,
    42.74058151245117,
    40.40519332885742,
    39.21445846557617,
    38.73912811279297,
    38.02106475830078,
    36.44402313232422,
    37.782649993896484,
    34.82640838623047,
    34.054954528808594,
    33.82429122924805,
    33.507076263427734,
    31.76515769958496,
    30.968801498413086,
    30.717098236083984,
    28.9325008392334,
    29.422664642333984,
    27.31687355041504,
    26.62262535095215,
    27.1606388092041,
    26.026744842529297,
    25.02638816833496,
    24.769840240478516,
    23.438446044921875,
    22.168487548828125,
    24.531246185302734,
    22.735504150390625,
    21.5181941986084,
    21.333858489990234
  ],
  "mae": [
    5.943810939788818,
    5.903769493103027,
    5.676424503326416,
    5.4779887199401855,
    5.401528835296631,
    5.348666667938232,
    5.304559707641602,
    5.158701419830322,
    5.208990573883057,
    4.971549034118652,
    4.900683403015137,
    4.8570027351379395,
    4.783402919769287,
    4.6476545333862305,
    4.509421348571777,
    4.496985912322998,
    4.27337646484375,
    4.300959587097168,
    4.148730754852295,
    3.9928669929504395,
    4.182773590087891,
    4.023495674133301,
    3.932570219039917,
    3.856951951980591,
    3.7738308906555176,
    3.661041259765625,
    3.8367977142333984,
    3.7293663024902344,
    3.660338878631592,
    3.5666885375976562
  ],
  "val_loss": [
    46.86660385131836,
    46.749507904052734,
    46.080081939697266,
    45.245880126953125,
    44.15065002441406,
    42.949378967285156,
    41.80231475830078,
    40.575992584228516,
    39.14942932128906,
    37.63880157470703,
    36.163902282714844,
    34.79677963256836,
    33.64072799682617,
    32.69231414794922,
    31.83236312866211,
    30.974308013916016,
    30.125240325927734,
    29.303247451782227,
    28.533905029296875,
    27.85326385498047,
    27.246135711669922,
    26.68535614013672,
    26.159828186035156,
    25.72545051574707,
    25.572906494140625,
    25.533756256103516,
    25.206432342529297,
    24.713111877441406,
    24.19442367553711,
    23.693954467773438
  ],
  "val_mae": [
    6.727953910827637,
    6.722468376159668,
    6.674930572509766,
    6.61445426940918,
    6.533867835998535,
    6.443562984466553,
    6.356372356414795,
    6.263629913330078,
    6.155498504638672,
    6.0347161293029785,
    5.908347129821777,
    5.788756370544434,
    5.687569618225098,
    5.603525161743164,
    5.525588035583496,
    5.4457197189331055,
    5.3650407791137695,
    5.285499572753906,
    5.209352970123291,
    5.139768600463867,
    5.076023101806641,
    5.017751693725586,
    4.96646785736084,
    4.9307050704956055,
    4.932295322418213,
    4.944650650024414,
    4.920680522918701,
    4.876589775085449,
    4.827800750732422,
    4.779056549072266
  ]
}