{
  "mean": [
    1.325408697128296,
    1.1769908666610718,
    1.2306582927703857,
    1.3267556428909302,
    3.0452001094818115,
    12.33739185333252,
    14.04124641418457,
    13.92110824584961,
    13.992066383361816,
    13.92202091217041,
    13.888431549072266,
    13.707582473754883,
    -3.7790770530700684,
    2.87900447845459,
    42.39262008666992,
    40.4999885559082,
    40.789329528808594,
    40.03994369506836,
    41.5047607421875,
    41.45896530151367,
    35.33265686035156,
    34.650779724121094,
    34.331459045410156,
    33.34882736206055,
    34.49507141113281,
    34.1531867980957,
    21.626972198486328,
    20.553627014160156,
    16.96438980102539,
    15.618430137634277,
    16.347307205200195,
    17.126243591308594,
    15.832042694091797,
    13.433921813964844,
    11.970006942749023,
    11.916031837463379,
    12.337602615356445,
    15.294761657714844,
    2.934180974960327,
    3.1325182914733887,
    2.7210752964019775,
    2.7070019245147705,
    2.738914728164673,
    2.8370885848999023,
    0.5131625533103943,
    0.5008565187454224,
    0.3347969949245453,
    0.4425784647464752,
    0.40536028146743774,
    0.4385102093219757,
    0.8518272638320923,
    1.220496654510498,
    1.2896226644515991,
    3.781367063522339,
    63.10721206665039,
    25.861988067626953,
    2.743802785873413,
    353918.6875,
    4577246.0,
    1.3275383710861206,
    1.3317750692367554,
    1.341154932975769,
    3.0672919750213623,
    3.070218801498413,
    2.97985577583313,
    10.637163162231445,
    10.635313034057617,
    10.640157699584961,
    11.24934196472168,
    11.244746208190918,
    11.243025779724121,
    10.920891761779785,
    10.919692993164062,
    10.923067092895508,
    10.683272361755371,
    10.677892684936523,
    10.670269012451172,
    10.682613372802734,
    10.68867015838623,
    10.704605102539062,
    10.933506965637207,
    10.943682670593262,
    10.96852970123291,
    9.353806495666504,
    18.02212905883789,
    12.4132080078125,
    12.498208999633789,
    14.118551254272461,
    14.198477745056152,
    13.993417739868164,
    14.067285537719727,
    14.059379577636719,
    14.125690460205078,
    13.982958793640137,
    14.042412757873535,
    13.933528900146484,
    13.97422981262207
  ],
  "std": [
    1.0635287761688232,
    0.6859765648841858,
    0.4753793179988861,
    0.6757097244262695,
    4.595427989959717,
    8.352543830871582,
    8.661022186279297,
    8.235481262207031,
    7.9075446128845215,
    7.43877649307251,
    7.048874378204346,
    6.650336742401123,
    19.474531173706055,
    12.34012222290039,
    4.322352886199951,
    3.2413063049316406,
    2.765427589416504,
    3.698727607727051,
    2.818057060241699,
    2.798003673553467,
    3.5088388919830322,
    2.751535177230835,
    2.7258691787719727,
    3.1941213607788086,
    1.9847322702407837,
    2.359299898147583,
    6.415550231933594,
    7.2432732582092285,
    7.150165557861328,
    6.710326194763184,
    5.835409164428711,
    8.751108169555664,
    7.8914995193481445,
    7.503635883331299,
    5.986165523529053,
    7.402802467346191,
    6.918900489807129,
    7.0122809410095215,
    1.2611385583877563,
    1.6185415983200073,
    1.271970272064209,
    1.787298321723938,
    1.5603047609329224,
    1.8214200735092163,
    0.5181967616081238,
    0.2306974083185196,
    0.25023317337036133,
    0.350732684135437,
    0.2511715292930603,
    0.3779463768005371,
    0.41248446702957153,
    0.7502588629722595,
    0.5463387370109558,
    1.9203721284866333,
    29.102680206298828,
    28.438217163085938,
    1.9830363988876343,
    130244.921875,
    1664689.625,
    1.0655488967895508,
    1.069052815437317,
    1.0750315189361572,
    4.476840496063232,
    4.541515350341797,
    4.43345832824707,
    4.267692565917969,
    4.278899192810059,
    4.308819770812988,
    4.371481895446777,
    4.375813961029053,
    4.388877868652344,
    4.454000473022461,
    4.46392297744751,
    4.482883930206299,
    4.10140323638916,
    4.104057312011719,
    4.109086990356445,
    5.111878871917725,
    5.134400844573975,
    5.1765007972717285,
    4.711445331573486,
    4.734161376953125,
    4.7761359214782715,
    11.601950645446777,
    16.770479202270508,
    7.829523086547852,
    7.596066951751709,
    8.484298706054688,
    8.330924034118652,
    8.094646453857422,
    7.954925537109375,
    7.787577152252197,
    7.658332824707031,
    7.336882591247559,
    7.21843147277832,
    6.963673114776611,
    6.860363006591797
  ]
}