{
  "mean": [
    1.3400319814682007,
    1.1870496273040771,
    1.2313255071640015,
    1.3268940448760986,
    12.230377197265625,
    13.900952339172363,
    13.793968200683594,
    13.867841720581055,
    13.814156532287598,
    13.80040168762207,
    13.629446029663086,
    -3.604807138442993,
    3.072042226791382,
    17.182435989379883,
    15.832906723022461,
    13.587240219116211,
    12.161413192749023,
    12.086136817932129,
    12.529426574707031,
    354238.78125,
    4601532.5,
    1.3403688669204712,
    1.3411924839019775,
    1.3427878618240356,
    10.649466514587402,
    10.647809982299805,
    10.644227981567383,
    11.141674995422363,
    11.138118743896484,
    11.130440711975098,
    10.911087989807129,
    10.908699035644531,
    10.90335464477539,
    10.579888343811035,
    10.575751304626465,
    10.566568374633789,
    10.605602264404297,
    10.60484790802002,
    10.602543830871582,
    10.817082405090332,
    10.816764831542969,
    10.815704345703125,
    12.257131576538086,
    12.295854568481445,
    13.931500434875488,
    13.971532821655273,
    13.823904037475586,
    13.861730575561523
  ],
  "std": [
    1.0775794982910156,
    0.6772782206535339,
    0.47689247131347656,
    0.6626519560813904,
    8.398004531860352,
    8.722831726074219,
    8.302633285522461,
    7.974884033203125,
    7.50017786026001,
    7.100928783416748,
    6.701460838317871,
    19.267698287963867,
    12.592704772949219,
    8.612128257751465,
    7.7781195640563965,
    7.453071117401123,
    5.998836517333984,
    7.361565113067627,
    6.895561218261719,
    127930.5625,
    1638931.5,
    1.0779974460601807,
    1.0786869525909424,
    1.079420804977417,
    4.273994445800781,
    4.277521133422852,
    4.285201072692871,
    4.336458206176758,
    4.336406230926514,
    4.336822032928467,
    4.43911600112915,
    4.441311836242676,
    4.446014404296875,
    4.103503704071045,
    4.102859020233154,
    4.1026153564453125,
    5.106217384338379,
    5.114213943481445,
    5.129976749420166,
    4.753431797027588,
    4.761133670806885,
    4.77689266204834,
    8.006147384643555,
    7.847291946411133,
    8.624833106994629,
    8.551309585571289,
    8.235368728637695,
    8.173538208007812
  ]
}