target,MAE,RMSE,R2
_SM10,0.8380381464958191,1.2470206039427396,0.929431676864624
_SM20,0.6766443252563477,1.062250051831042,0.9511815905570984
_SM30,0.67930006980896,1.057102631204932,0.9379505515098572
_SM45,0.5933883786201477,0.9539245316286814,0.9679495692253113
_SM60,0.5568564534187317,0.7726233850476751,0.9817096590995789
_SM75,0.6901518106460571,1.1384370800586128,0.9480496644973755
