month,n,MAE_pooled,RMSE_pooled
1,0,,
2,0,,
3,0,,
4,0,,
5,0,,
6,0,,
7,0,,
8,5,1.950201153755188,2.4009804725646973
9,5,5.117218971252441,5.766135215759277
10,0,,
11,0,,
12,0,,
