month,n,MAE_pooled,RMSE_pooled
1,0,,
2,0,,
3,0,,
4,0,,
5,0,,
6,0,,
7,0,,
8,5,1.5247944593429565,1.902298092842102
9,5,5.446750164031982,6.087750434875488
10,0,,
11,0,,
12,0,,
