month,n,MAE_pooled,RMSE_pooled
1,0,,
2,0,,
3,0,,
4,0,,
5,0,,
6,0,,
7,0,,
8,5,1.9026280641555786,2.269667625427246
9,5,5.128204345703125,5.5925798416137695
10,0,,
11,0,,
12,0,,
