season,n,MAE_pooled,RMSE_pooled
DJF,0,,
MAM,0,,
JJA,5,1.9026280641555786,2.269667625427246
SON,5,5.128204345703125,5.5925798416137695
