season,n,MAE_pooled,RMSE_pooled
DJF,1585,0.9055025577545166,1.311322808265686
MAM,1903,0.8857911825180054,1.284191370010376
JJA,1851,0.9105257391929626,1.3335469961166382
SON,952,1.0456000566482544,1.5178550481796265
