season,n,MAE_pooled,RMSE_pooled
DJF,0,,
MAM,0,,
JJA,5,1.950201153755188,2.4009804725646973
SON,5,5.117218971252441,5.766135215759277
