season,n,MAE_pooled,RMSE_pooled
DJF,576,1.5512913465499878,2.078758955001831
MAM,662,1.581751823425293,2.14742112159729
JJA,651,1.6072405576705933,2.185370445251465
SON,349,1.7414597272872925,2.364501953125
