season,n,MAE_pooled,RMSE_pooled
DJF,0,,
MAM,0,,
JJA,5,1.5247944593429565,1.902298092842102
SON,5,5.446750164031982,6.087750434875488
